certificate_id,region,hour,kwh,asset,g_per_kwh
SOLAR-DE-00001,DE,2026-06-01T00:00:00Z,0.0,DE Solar Park,25
WIND-NL-00002,NL,2026-06-01T00:00:00Z,360.0,NL Offshore Wind,12
SOLAR-DE-00003,DE,2026-06-01T01:00:00Z,0.0,DE Solar Park,25
WIND-NL-00004,NL,2026-06-01T01:00:00Z,393.3,NL Offshore Wind,12
SOLAR-DE-00005,DE,2026-06-01T02:00:00Z,0.0,DE Solar Park,25
WIND-NL-00006,NL,2026-06-01T02:00:00Z,426.1,NL Offshore Wind,12
SOLAR-DE-00007,DE,2026-06-01T03:00:00Z,0.0,DE Solar Park,25
WIND-NL-00008,NL,2026-06-01T03:00:00Z,458.2,NL Offshore Wind,12
SOLAR-DE-00009,DE,2026-06-01T04:00:00Z,0.0,DE Solar Park,25
WIND-NL-00010,NL,2026-06-01T04:00:00Z,489.0,NL Offshore Wind,12
SOLAR-DE-00011,DE,2026-06-01T05:00:00Z,0.0,DE Solar Park,25
WIND-NL-00012,NL,2026-06-01T05:00:00Z,518.2,NL Offshore Wind,12
SOLAR-DE-00013,DE,2026-06-01T06:00:00Z,0.0,DE Solar Park,25
WIND-NL-00014,NL,2026-06-01T06:00:00Z,545.5,NL Offshore Wind,12
SOLAR-DE-00015,DE,2026-06-01T07:00:00Z,854.1,DE Solar Park,25
WIND-NL-00016,NL,2026-06-01T07:00:00Z,570.5,NL Offshore Wind,12
SOLAR-DE-00017,DE,2026-06-01T08:00:00Z,1650.0,DE Solar Park,25
WIND-NL-00018,NL,2026-06-01T08:00:00Z,592.9,NL Offshore Wind,12
SOLAR-DE-00019,DE,2026-06-01T09:00:00Z,2333.5,DE Solar Park,25
WIND-NL-00020,NL,2026-06-01T09:00:00Z,612.4,NL Offshore Wind,12
SOLAR-DE-00021,DE,2026-06-01T10:00:00Z,2857.9,DE Solar Park,25
WIND-NL-00022,NL,2026-06-01T10:00:00Z,628.9,NL Offshore Wind,12
SOLAR-DE-00023,DE,2026-06-01T11:00:00Z,3187.6,DE Solar Park,25
WIND-NL-00024,NL,2026-06-01T11:00:00Z,642.0,NL Offshore Wind,12
SOLAR-DE-00025,DE,2026-06-01T12:00:00Z,3300.0,DE Solar Park,25
WIND-NL-00026,NL,2026-06-01T12:00:00Z,651.6,NL Offshore Wind,12
SOLAR-DE-00027,DE,2026-06-01T13:00:00Z,3187.6,DE Solar Park,25
WIND-NL-00028,NL,2026-06-01T13:00:00Z,657.6,NL Offshore Wind,12
SOLAR-DE-00029,DE,2026-06-01T14:00:00Z,2857.9,DE Solar Park,25
WIND-NL-00030,NL,2026-06-01T14:00:00Z,660.0,NL Offshore Wind,12
SOLAR-DE-00031,DE,2026-06-01T15:00:00Z,2333.5,DE Solar Park,25
WIND-NL-00032,NL,2026-06-01T15:00:00Z,658.6,NL Offshore Wind,12
SOLAR-DE-00033,DE,2026-06-01T16:00:00Z,1650.0,DE Solar Park,25
WIND-NL-00034,NL,2026-06-01T16:00:00Z,653.6,NL Offshore Wind,12
SOLAR-DE-00035,DE,2026-06-01T17:00:00Z,854.1,DE Solar Park,25
WIND-NL-00036,NL,2026-06-01T17:00:00Z,645.0,NL Offshore Wind,12
SOLAR-DE-00037,DE,2026-06-01T18:00:00Z,0.0,DE Solar Park,25
WIND-NL-00038,NL,2026-06-01T18:00:00Z,632.8,NL Offshore Wind,12
SOLAR-DE-00039,DE,2026-06-01T19:00:00Z,0.0,DE Solar Park,25
WIND-NL-00040,NL,2026-06-01T19:00:00Z,617.3,NL Offshore Wind,12
SOLAR-DE-00041,DE,2026-06-01T20:00:00Z,0.0,DE Solar Park,25
WIND-NL-00042,NL,2026-06-01T20:00:00Z,598.6,NL Offshore Wind,12
SOLAR-DE-00043,DE,2026-06-01T21:00:00Z,0.0,DE Solar Park,25
WIND-NL-00044,NL,2026-06-01T21:00:00Z,576.9,NL Offshore Wind,12
SOLAR-DE-00045,DE,2026-06-01T22:00:00Z,0.0,DE Solar Park,25
WIND-NL-00046,NL,2026-06-01T22:00:00Z,552.6,NL Offshore Wind,12
SOLAR-DE-00047,DE,2026-06-01T23:00:00Z,0.0,DE Solar Park,25
WIND-NL-00048,NL,2026-06-01T23:00:00Z,525.9,NL Offshore Wind,12
SOLAR-DE-00049,DE,2026-06-02T00:00:00Z,0.0,DE Solar Park,25
WIND-NL-00050,NL,2026-06-02T00:00:00Z,497.2,NL Offshore Wind,12
SOLAR-DE-00051,DE,2026-06-02T01:00:00Z,0.0,DE Solar Park,25
WIND-NL-00052,NL,2026-06-02T01:00:00Z,466.8,NL Offshore Wind,12
SOLAR-DE-00053,DE,2026-06-02T02:00:00Z,0.0,DE Solar Park,25
WIND-NL-00054,NL,2026-06-02T02:00:00Z,435.0,NL Offshore Wind,12
SOLAR-DE-00055,DE,2026-06-02T03:00:00Z,0.0,DE Solar Park,25
WIND-NL-00056,NL,2026-06-02T03:00:00Z,402.3,NL Offshore Wind,12
SOLAR-DE-00057,DE,2026-06-02T04:00:00Z,0.0,DE Solar Park,25
WIND-NL-00058,NL,2026-06-02T04:00:00Z,369.1,NL Offshore Wind,12
SOLAR-DE-00059,DE,2026-06-02T05:00:00Z,0.0,DE Solar Park,25
WIND-NL-00060,NL,2026-06-02T05:00:00Z,335.8,NL Offshore Wind,12
SOLAR-DE-00061,DE,2026-06-02T06:00:00Z,0.0,DE Solar Park,25
WIND-NL-00062,NL,2026-06-02T06:00:00Z,302.8,NL Offshore Wind,12
SOLAR-DE-00063,DE,2026-06-02T07:00:00Z,854.1,DE Solar Park,25
WIND-NL-00064,NL,2026-06-02T07:00:00Z,270.5,NL Offshore Wind,12
SOLAR-DE-00065,DE,2026-06-02T08:00:00Z,1650.0,DE Solar Park,25
WIND-NL-00066,NL,2026-06-02T08:00:00Z,239.3,NL Offshore Wind,12
SOLAR-DE-00067,DE,2026-06-02T09:00:00Z,2333.5,DE Solar Park,25
WIND-NL-00068,NL,2026-06-02T09:00:00Z,209.6,NL Offshore Wind,12
SOLAR-DE-00069,DE,2026-06-02T10:00:00Z,2857.9,DE Solar Park,25
WIND-NL-00070,NL,2026-06-02T10:00:00Z,181.8,NL Offshore Wind,12
SOLAR-DE-00071,DE,2026-06-02T11:00:00Z,3187.6,DE Solar Park,25
WIND-NL-00072,NL,2026-06-02T11:00:00Z,156.1,NL Offshore Wind,12
SOLAR-DE-00073,DE,2026-06-02T12:00:00Z,3300.0,DE Solar Park,25
WIND-NL-00074,NL,2026-06-02T12:00:00Z,133.0,NL Offshore Wind,12
SOLAR-DE-00075,DE,2026-06-02T13:00:00Z,3187.6,DE Solar Park,25
WIND-NL-00076,NL,2026-06-02T13:00:00Z,112.6,NL Offshore Wind,12
SOLAR-DE-00077,DE,2026-06-02T14:00:00Z,2857.9,DE Solar Park,25
WIND-NL-00078,NL,2026-06-02T14:00:00Z,95.3,NL Offshore Wind,12
SOLAR-DE-00079,DE,2026-06-02T15:00:00Z,2333.5,DE Solar Park,25
WIND-NL-00080,NL,2026-06-02T15:00:00Z,81.3,NL Offshore Wind,12
SOLAR-DE-00081,DE,2026-06-02T16:00:00Z,1650.0,DE Solar Park,25
WIND-NL-00082,NL,2026-06-02T16:00:00Z,70.7,NL Offshore Wind,12
SOLAR-DE-00083,DE,2026-06-02T17:00:00Z,854.1,DE Solar Park,25
WIND-NL-00084,NL,2026-06-02T17:00:00Z,63.7,NL Offshore Wind,12
SOLAR-DE-00085,DE,2026-06-02T18:00:00Z,0.0,DE Solar Park,25
WIND-NL-00086,NL,2026-06-02T18:00:00Z,60.3,NL Offshore Wind,12
SOLAR-DE-00087,DE,2026-06-02T19:00:00Z,0.0,DE Solar Park,25
WIND-NL-00088,NL,2026-06-02T19:00:00Z,60.6,NL Offshore Wind,12
SOLAR-DE-00089,DE,2026-06-02T20:00:00Z,0.0,DE Solar Park,25
WIND-NL-00090,NL,2026-06-02T20:00:00Z,64.7,NL Offshore Wind,12
SOLAR-DE-00091,DE,2026-06-02T21:00:00Z,0.0,DE Solar Park,25
WIND-NL-00092,NL,2026-06-02T21:00:00Z,72.3,NL Offshore Wind,12
SOLAR-DE-00093,DE,2026-06-02T22:00:00Z,0.0,DE Solar Park,25
WIND-NL-00094,NL,2026-06-02T22:00:00Z,83.5,NL Offshore Wind,12
SOLAR-DE-00095,DE,2026-06-02T23:00:00Z,0.0,DE Solar Park,25
WIND-NL-00096,NL,2026-06-02T23:00:00Z,98.2,NL Offshore Wind,12
SOLAR-DE-00097,DE,2026-06-03T00:00:00Z,0.0,DE Solar Park,25
WIND-NL-00098,NL,2026-06-03T00:00:00Z,116.0,NL Offshore Wind,12
SOLAR-DE-00099,DE,2026-06-03T01:00:00Z,0.0,DE Solar Park,25
WIND-NL-00100,NL,2026-06-03T01:00:00Z,136.9,NL Offshore Wind,12
SOLAR-DE-00101,DE,2026-06-03T02:00:00Z,0.0,DE Solar Park,25
WIND-NL-00102,NL,2026-06-03T02:00:00Z,160.5,NL Offshore Wind,12
SOLAR-DE-00103,DE,2026-06-03T03:00:00Z,0.0,DE Solar Park,25
WIND-NL-00104,NL,2026-06-03T03:00:00Z,186.5,NL Offshore Wind,12
SOLAR-DE-00105,DE,2026-06-03T04:00:00Z,0.0,DE Solar Park,25
WIND-NL-00106,NL,2026-06-03T04:00:00Z,214.8,NL Offshore Wind,12
SOLAR-DE-00107,DE,2026-06-03T05:00:00Z,0.0,DE Solar Park,25
WIND-NL-00108,NL,2026-06-03T05:00:00Z,244.8,NL Offshore Wind,12
SOLAR-DE-00109,DE,2026-06-03T06:00:00Z,0.0,DE Solar Park,25
WIND-NL-00110,NL,2026-06-03T06:00:00Z,276.2,NL Offshore Wind,12
SOLAR-DE-00111,DE,2026-06-03T07:00:00Z,854.1,DE Solar Park,25
WIND-NL-00112,NL,2026-06-03T07:00:00Z,308.6,NL Offshore Wind,12
SOLAR-DE-00113,DE,2026-06-03T08:00:00Z,1650.0,DE Solar Park,25
WIND-NL-00114,NL,2026-06-03T08:00:00Z,341.7,NL Offshore Wind,12
SOLAR-DE-00115,DE,2026-06-03T09:00:00Z,2333.5,DE Solar Park,25
WIND-NL-00116,NL,2026-06-03T09:00:00Z,375.0,NL Offshore Wind,12
SOLAR-DE-00117,DE,2026-06-03T10:00:00Z,2857.9,DE Solar Park,25
WIND-NL-00118,NL,2026-06-03T10:00:00Z,408.2,NL Offshore Wind,12
SOLAR-DE-00119,DE,2026-06-03T11:00:00Z,3187.6,DE Solar Park,25
WIND-NL-00120,NL,2026-06-03T11:00:00Z,440.7,NL Offshore Wind,12
SOLAR-DE-00121,DE,2026-06-03T12:00:00Z,3300.0,DE Solar Park,25
WIND-NL-00122,NL,2026-06-03T12:00:00Z,472.2,NL Offshore Wind,12
SOLAR-DE-00123,DE,2026-06-03T13:00:00Z,3187.6,DE Solar Park,25
WIND-NL-00124,NL,2026-06-03T13:00:00Z,502.4,NL Offshore Wind,12
SOLAR-DE-00125,DE,2026-06-03T14:00:00Z,2857.9,DE Solar Park,25
WIND-NL-00126,NL,2026-06-03T14:00:00Z,530.8,NL Offshore Wind,12
SOLAR-DE-00127,DE,2026-06-03T15:00:00Z,2333.5,DE Solar Park,25
WIND-NL-00128,NL,2026-06-03T15:00:00Z,557.1,NL Offshore Wind,12
SOLAR-DE-00129,DE,2026-06-03T16:00:00Z,1650.0,DE Solar Park,25
WIND-NL-00130,NL,2026-06-03T16:00:00Z,581.0,NL Offshore Wind,12
SOLAR-DE-00131,DE,2026-06-03T17:00:00Z,854.1,DE Solar Park,25
WIND-NL-00132,NL,2026-06-03T17:00:00Z,602.1,NL Offshore Wind,12
SOLAR-DE-00133,DE,2026-06-03T18:00:00Z,0.0,DE Solar Park,25
WIND-NL-00134,NL,2026-06-03T18:00:00Z,620.2,NL Offshore Wind,12
SOLAR-DE-00135,DE,2026-06-03T19:00:00Z,0.0,DE Solar Park,25
WIND-NL-00136,NL,2026-06-03T19:00:00Z,635.2,NL Offshore Wind,12
SOLAR-DE-00137,DE,2026-06-03T20:00:00Z,0.0,DE Solar Park,25
WIND-NL-00138,NL,2026-06-03T20:00:00Z,646.7,NL Offshore Wind,12
SOLAR-DE-00139,DE,2026-06-03T21:00:00Z,0.0,DE Solar Park,25
WIND-NL-00140,NL,2026-06-03T21:00:00Z,654.8,NL Offshore Wind,12
SOLAR-DE-00141,DE,2026-06-03T22:00:00Z,0.0,DE Solar Park,25
WIND-NL-00142,NL,2026-06-03T22:00:00Z,659.1,NL Offshore Wind,12
SOLAR-DE-00143,DE,2026-06-03T23:00:00Z,0.0,DE Solar Park,25
WIND-NL-00144,NL,2026-06-03T23:00:00Z,659.8,NL Offshore Wind,12
