hour,region,grid_g_per_kwh,residual_g_per_kwh
2026-06-01T00:00:00Z,DE,420.0,540.0
2026-06-01T00:00:00Z,NL,330.0,430.0
2026-06-01T01:00:00Z,DE,420.0,540.0
2026-06-01T01:00:00Z,NL,330.0,430.0
2026-06-01T02:00:00Z,DE,420.0,540.0
2026-06-01T02:00:00Z,NL,330.0,430.0
2026-06-01T03:00:00Z,DE,420.0,540.0
2026-06-01T03:00:00Z,NL,330.0,430.0
2026-06-01T04:00:00Z,DE,420.0,540.0
2026-06-01T04:00:00Z,NL,330.0,430.0
2026-06-01T05:00:00Z,DE,420.0,540.0
2026-06-01T05:00:00Z,NL,330.0,430.0
2026-06-01T06:00:00Z,DE,420.0,540.0
2026-06-01T06:00:00Z,NL,330.0,430.0
2026-06-01T07:00:00Z,DE,381.2,508.9
2026-06-01T07:00:00Z,NL,306.7,411.9
2026-06-01T08:00:00Z,DE,345.0,480.0
2026-06-01T08:00:00Z,NL,285.0,395.0
2026-06-01T09:00:00Z,DE,313.9,455.1
2026-06-01T09:00:00Z,NL,266.4,380.5
2026-06-01T10:00:00Z,DE,290.1,436.1
2026-06-01T10:00:00Z,NL,252.1,369.4
2026-06-01T11:00:00Z,DE,275.1,424.1
2026-06-01T11:00:00Z,NL,243.1,362.4
2026-06-01T12:00:00Z,DE,270.0,420.0
2026-06-01T12:00:00Z,NL,240.0,360.0
2026-06-01T13:00:00Z,DE,275.1,424.1
2026-06-01T13:00:00Z,NL,243.1,362.4
2026-06-01T14:00:00Z,DE,290.1,436.1
2026-06-01T14:00:00Z,NL,252.1,369.4
2026-06-01T15:00:00Z,DE,313.9,455.1
2026-06-01T15:00:00Z,NL,266.4,380.5
2026-06-01T16:00:00Z,DE,345.0,480.0
2026-06-01T16:00:00Z,NL,285.0,395.0
2026-06-01T17:00:00Z,DE,381.2,508.9
2026-06-01T17:00:00Z,NL,306.7,411.9
2026-06-01T18:00:00Z,DE,420.0,540.0
2026-06-01T18:00:00Z,NL,330.0,430.0
2026-06-01T19:00:00Z,DE,420.0,540.0
2026-06-01T19:00:00Z,NL,330.0,430.0
2026-06-01T20:00:00Z,DE,420.0,540.0
2026-06-01T20:00:00Z,NL,330.0,430.0
2026-06-01T21:00:00Z,DE,420.0,540.0
2026-06-01T21:00:00Z,NL,330.0,430.0
2026-06-01T22:00:00Z,DE,420.0,540.0
2026-06-01T22:00:00Z,NL,330.0,430.0
2026-06-01T23:00:00Z,DE,420.0,540.0
2026-06-01T23:00:00Z,NL,330.0,430.0
2026-06-02T00:00:00Z,DE,420.0,540.0
2026-06-02T00:00:00Z,NL,330.0,430.0
2026-06-02T01:00:00Z,DE,420.0,540.0
2026-06-02T01:00:00Z,NL,330.0,430.0
2026-06-02T02:00:00Z,DE,420.0,540.0
2026-06-02T02:00:00Z,NL,330.0,430.0
2026-06-02T03:00:00Z,DE,420.0,540.0
2026-06-02T03:00:00Z,NL,330.0,430.0
2026-06-02T04:00:00Z,DE,420.0,540.0
2026-06-02T04:00:00Z,NL,330.0,430.0
2026-06-02T05:00:00Z,DE,420.0,540.0
2026-06-02T05:00:00Z,NL,330.0,430.0
2026-06-02T06:00:00Z,DE,420.0,540.0
2026-06-02T06:00:00Z,NL,330.0,430.0
2026-06-02T07:00:00Z,DE,381.2,508.9
2026-06-02T07:00:00Z,NL,306.7,411.9
2026-06-02T08:00:00Z,DE,345.0,480.0
2026-06-02T08:00:00Z,NL,285.0,395.0
2026-06-02T09:00:00Z,DE,313.9,455.1
2026-06-02T09:00:00Z,NL,266.4,380.5
2026-06-02T10:00:00Z,DE,290.1,436.1
2026-06-02T10:00:00Z,NL,252.1,369.4
2026-06-02T11:00:00Z,DE,275.1,424.1
2026-06-02T11:00:00Z,NL,243.1,362.4
2026-06-02T12:00:00Z,DE,270.0,420.0
2026-06-02T12:00:00Z,NL,240.0,360.0
2026-06-02T13:00:00Z,DE,275.1,424.1
2026-06-02T13:00:00Z,NL,243.1,362.4
2026-06-02T14:00:00Z,DE,290.1,436.1
2026-06-02T14:00:00Z,NL,252.1,369.4
2026-06-02T15:00:00Z,DE,313.9,455.1
2026-06-02T15:00:00Z,NL,266.4,380.5
2026-06-02T16:00:00Z,DE,345.0,480.0
2026-06-02T16:00:00Z,NL,285.0,395.0
2026-06-02T17:00:00Z,DE,381.2,508.9
2026-06-02T17:00:00Z,NL,306.7,411.9
2026-06-02T18:00:00Z,DE,420.0,540.0
2026-06-02T18:00:00Z,NL,330.0,430.0
2026-06-02T19:00:00Z,DE,420.0,540.0
2026-06-02T19:00:00Z,NL,330.0,430.0
2026-06-02T20:00:00Z,DE,420.0,540.0
2026-06-02T20:00:00Z,NL,330.0,430.0
2026-06-02T21:00:00Z,DE,420.0,540.0
2026-06-02T21:00:00Z,NL,330.0,430.0
2026-06-02T22:00:00Z,DE,420.0,540.0
2026-06-02T22:00:00Z,NL,330.0,430.0
2026-06-02T23:00:00Z,DE,420.0,540.0
2026-06-02T23:00:00Z,NL,330.0,430.0
2026-06-03T00:00:00Z,DE,420.0,540.0
2026-06-03T00:00:00Z,NL,330.0,430.0
2026-06-03T01:00:00Z,DE,420.0,540.0
2026-06-03T01:00:00Z,NL,330.0,430.0
2026-06-03T02:00:00Z,DE,420.0,540.0
2026-06-03T02:00:00Z,NL,330.0,430.0
2026-06-03T03:00:00Z,DE,420.0,540.0
2026-06-03T03:00:00Z,NL,330.0,430.0
2026-06-03T04:00:00Z,DE,420.0,540.0
2026-06-03T04:00:00Z,NL,330.0,430.0
2026-06-03T05:00:00Z,DE,420.0,540.0
2026-06-03T05:00:00Z,NL,330.0,430.0
2026-06-03T06:00:00Z,DE,420.0,540.0
2026-06-03T06:00:00Z,NL,330.0,430.0
2026-06-03T07:00:00Z,DE,381.2,508.9
2026-06-03T07:00:00Z,NL,306.7,411.9
2026-06-03T08:00:00Z,DE,345.0,480.0
2026-06-03T08:00:00Z,NL,285.0,395.0
2026-06-03T09:00:00Z,DE,313.9,455.1
2026-06-03T09:00:00Z,NL,266.4,380.5
2026-06-03T10:00:00Z,DE,290.1,436.1
2026-06-03T10:00:00Z,NL,252.1,369.4
2026-06-03T11:00:00Z,DE,275.1,424.1
2026-06-03T11:00:00Z,NL,243.1,362.4
2026-06-03T12:00:00Z,DE,270.0,420.0
2026-06-03T12:00:00Z,NL,240.0,360.0
2026-06-03T13:00:00Z,DE,275.1,424.1
2026-06-03T13:00:00Z,NL,243.1,362.4
2026-06-03T14:00:00Z,DE,290.1,436.1
2026-06-03T14:00:00Z,NL,252.1,369.4
2026-06-03T15:00:00Z,DE,313.9,455.1
2026-06-03T15:00:00Z,NL,266.4,380.5
2026-06-03T16:00:00Z,DE,345.0,480.0
2026-06-03T16:00:00Z,NL,285.0,395.0
2026-06-03T17:00:00Z,DE,381.2,508.9
2026-06-03T17:00:00Z,NL,306.7,411.9
2026-06-03T18:00:00Z,DE,420.0,540.0
2026-06-03T18:00:00Z,NL,330.0,430.0
2026-06-03T19:00:00Z,DE,420.0,540.0
2026-06-03T19:00:00Z,NL,330.0,430.0
2026-06-03T20:00:00Z,DE,420.0,540.0
2026-06-03T20:00:00Z,NL,330.0,430.0
2026-06-03T21:00:00Z,DE,420.0,540.0
2026-06-03T21:00:00Z,NL,330.0,430.0
2026-06-03T22:00:00Z,DE,420.0,540.0
2026-06-03T22:00:00Z,NL,330.0,430.0
2026-06-03T23:00:00Z,DE,420.0,540.0
2026-06-03T23:00:00Z,NL,330.0,430.0
